2023-06-09T19:10:55Z	monitoring_queries	mono_rev_literal_large	stream	https://sourcegraph.com/-/debug/jaeger/trace/d75d44cf726e914f60c7c4847739b8a6	1000	1.4331207080000001	1.333553833
2023-06-09T19:10:56Z	monitoring_queries	and_regex	batch	https://sourcegraph.com/-/debug/jaeger/trace/dcf6f58b51f1304ed859254d999e759a	30	1.386458959	1.386458959
2023-06-09T19:10:56Z	monitoring_queries	incremental_normal_commit_small	batch	https://sourcegraph.com/-/debug/jaeger/trace/31f6ccaa25e7d9d728f03f46894b8c35	21	0.906668333	0.906668333
2023-06-09T19:10:56Z	monitoring_queries	regex_repo_scope_large	batch	https://sourcegraph.com/-/debug/jaeger/trace/8b7f8406693493c30334db0e5b2fec20	0	0.100118833	0.100118833
2023-06-09T19:10:56Z	monitoring_queries	incremental_delta_commit_small	batch	https://sourcegraph.com/-/debug/jaeger/trace/4fe578bb258f3943728bcb9d4735c4b0	0	0.111531292	0.111531292
2023-06-09T19:10:57Z	monitoring_queries	literal_large	batch	https://sourcegraph.com/-/debug/jaeger/trace/2e176daf91e11c05470986f75bda7891	1000	1.2819586250000001	1.2819586250000001
2023-06-09T19:10:57Z	monitoring_queries	and_literal_simple	batch	https://sourcegraph.com/-/debug/jaeger/trace/8bb387718fb2d5237eb7911e1c3a11e3	30	1.204708916	1.204708916
2023-06-09T19:10:58Z	monitoring_queries	incremental_delta_rev_regex_small	stream	https://sourcegraph.com/-/debug/jaeger/trace/92b291f9e10d47fa6c8ea7e67a74794e	0	0.181274	0.181274
2023-06-09T19:10:58Z	monitoring_queries	incremental_normal_literal_large	stream	https://sourcegraph.com/-/debug/jaeger/trace/4c294f7df7da2051e8cee8bde22e66e3	1000	0.232989125	0.187744625
2023-06-09T19:11:02Z	monitoring_queries	and_regex	stream	https://sourcegraph.com/-/debug/jaeger/trace/9a7ba0118395d67bad3981f2ed51069d	500	1.909220541	1.326956875
2023-06-09T19:11:02Z	monitoring_queries	incremental_delta_regex_small	stream	https://sourcegraph.com/-/debug/jaeger/trace/79390228255e4927257fbdcc098b46d0	0	0.1252865	0.1252865
2023-06-09T19:11:04Z	monitoring_queries	structural_repo_scope_small	batch	https://sourcegraph.com/-/debug/jaeger/trace/d76213c68f76f235acdbec3e0c4cd00d	0	0.121126625	0.121126625
2023-06-09T19:11:05Z	monitoring_queries	or_literal_simple	batch	https://sourcegraph.com/-/debug/jaeger/trace/dc7b94e773ef067aa76a363117c85732	30	1.520397875	1.520397875
2023-06-09T19:11:05Z	monitoring_queries	literal_file_scope	stream	https://sourcegraph.com/-/debug/jaeger/trace/72a612cfc4e10eab5a9a6153882cde9c	0	0.133253375	0.133253375
2023-06-09T19:11:05Z	monitoring_queries	symbol_small	batch	https://sourcegraph.com/-/debug/jaeger/trace/36a6c3d2e252092002e27929a7c8b771	30	0.914677875	0.914677875
2023-06-09T19:11:06Z	monitoring_queries	regex_small	stream	https://sourcegraph.com/-/debug/jaeger/trace/a0932f54eec24ecd744533d229595fb2	20	0.776163833	0.776150458
2023-06-09T19:11:06Z	monitoring_queries	mono_structural_small	stream	https://sourcegraph.com/-/debug/jaeger/trace/6d2798a1ac85dca585510dae94dd7036	193	2.208519875	0.274841792
2023-06-09T19:11:06Z	monitoring_queries	incremental_delta_rev_symbol_small	stream	https://sourcegraph.com/-/debug/jaeger/trace/327fd58d01e3e865a799ab1a7ce58488	0	0.19769425	0.19769425
2023-06-09T19:11:07Z	monitoring_queries	incremental_delta_literal_large	stream	https://sourcegraph.com/-/debug/jaeger/trace/48ede8847aded4eb02c58ef537e4eb2f	0	0.151691208	0.151691208
2023-06-09T19:11:07Z	monitoring_queries	incremental_normal_rev_symbol_small	batch	https://sourcegraph.com/-/debug/jaeger/trace/75bb97e837b895629018d9b5cca97bfd	12	0.158685375	0.158685375
2023-06-09T19:11:08Z	monitoring_queries	mono_rev_regex_small	batch	https://sourcegraph.com/-/debug/jaeger/trace/7f0db7f234a4e611ada48b087e58ff2f	10	0.288026292	0.288026292
2023-06-09T19:11:08Z	monitoring_queries	mono_rev_structural_small	batch	https://sourcegraph.com/-/debug/jaeger/trace/7055832182434d76e69a80e170256d2d	30	5.327133584	5.327133584
2023-06-09T19:11:09Z	monitoring_queries	incremental_delta_literal_small	stream	https://sourcegraph.com/-/debug/jaeger/trace/3426ad2296e89bd23ac835ed0055a41b	0	0.112019042	0.112019042
2023-06-09T19:11:09Z	monitoring_queries	and_literal_simple	stream	https://sourcegraph.com/-/debug/jaeger/trace/7cc2aa9582e72903d26af85c347f50f5	500	0.533338416	0.502579
2023-06-09T19:11:09Z	monitoring_queries	incremental_normal_diff_small	batch	https://sourcegraph.com/-/debug/jaeger/trace/9fcf18f0bf4514c075f6f3fc3d8cb4c8	21	0.981219417	0.981219417
2023-06-09T19:11:10Z	monitoring_queries	mono_regex_small	batch	https://sourcegraph.com/-/debug/jaeger/trace/6400509e04f226d72495be36ef18ca99	10	0.21806025	0.21806025
2023-06-09T19:11:10Z	monitoring_queries	regex_medium	batch	https://sourcegraph.com/-/debug/jaeger/trace/dca9676a1f6a5f3ffc261220ad1adfb0	30	0.661837458	0.661837458
2023-06-09T19:11:10Z	monitoring_queries	incremental_delta_regex_small	batch	https://sourcegraph.com/-/debug/jaeger/trace/044b1e8672a1d43ece97542ecf062e19	0	0.119312542	0.119312542
2023-06-09T19:11:11Z	monitoring_queries	literal_repo_excluded_scope	batch	https://sourcegraph.com/-/debug/jaeger/trace/49ed2a38d9ac933147e10cd86981ad7f	20	3.321858834	3.321858834
2023-06-09T19:11:12Z	monitoring_queries	regex_file_scope	stream	https://sourcegraph.com/-/debug/jaeger/trace/f2e3ca09dab5bf44e1b06d39e3933691	0	0.283148	0.283148
2023-06-09T19:11:12Z	monitoring_queries	incremental_delta_diff_small	batch	https://sourcegraph.com/-/debug/jaeger/trace/76ef9ded0deaa784019d5afe0fbc0c26	0	0.116676291	0.116676291
2023-06-09T19:11:13Z	monitoring_queries	literal_repo_scope	stream	https://sourcegraph.com/-/debug/jaeger/trace/79c1ccfb501539f182e3125988200a7c	0	0.148362834	0.148362834
2023-06-09T19:11:14Z	monitoring_queries	or_literal_simple	stream	https://sourcegraph.com/-/debug/jaeger/trace/42ff02229973626444c76683c1fd8df5	500	0.705618958	0.70214725
2023-06-09T19:11:14Z	monitoring_queries	mono_rev_symbol_small	stream	https://sourcegraph.com/-/debug/jaeger/trace/7fbe72e32e9a84f27075b87098b02fc5	2	6.325176334	6.315301292
2023-06-09T19:11:14Z	monitoring_queries	mono_rev_symbol_small	batch	https://sourcegraph.com/-/debug/jaeger/trace/d567b8ed556aa575e7d239fc4bf27437	2	6.564330792	6.564330792
2023-06-09T19:11:15Z	monitoring_queries	incremental_delta_symbol_small	batch	https://sourcegraph.com/-/debug/jaeger/trace/a3aaa709403ebd3338007191c256ff13	0	0.20708675	0.20708675
2023-06-09T19:11:16Z	monitoring_queries	incremental_normal_symbol_small	stream	https://sourcegraph.com/-/debug/jaeger/trace/b789a5a6585d3a34cf46d03f7bb1ba36	12	0.220457042	0.207052542
2023-06-09T19:11:17Z	monitoring_queries	literal_file_scope	batch	https://sourcegraph.com/-/debug/jaeger/trace/db5900fcbb2e2cca3c4c2b47cbcc84cc	0	0.13835525	0.13835525
2023-06-09T19:11:17Z	monitoring_queries	literal_large_select_repo	batch	https://sourcegraph.com/-/debug/jaeger/trace/069ee1383219cd7e3814d2ae2bffcb18	202	1.040349834	1.040349834
2023-06-09T19:11:17Z	monitoring_queries	literal_small_select_repo	stream	https://sourcegraph.com/-/debug/jaeger/trace/9a257ce99d9a45a6a03434c0e766de26	9	0.825107292	0.208073459
2023-06-09T19:11:17Z	monitoring_queries	regex_three_sameline	batch	https://sourcegraph.com/-/debug/jaeger/trace/77e911fac76c5056df1a6befd7e1944e	30	1.445444583	1.445444583
2023-06-09T19:11:18Z	monitoring_queries	literal_repo_excluded_scope	stream	https://sourcegraph.com/-/debug/jaeger/trace/360501f3f12e2ff6270154eb6d9b7c15	20	3.236566458	0.401416916
2023-06-09T19:11:19Z	monitoring_queries	mono_regex_small	stream	https://sourcegraph.com/-/debug/jaeger/trace/c951bd3ac65d873dc8b7de0830814562	10	0.239749292	0.239738958
2023-06-09T19:11:19Z	monitoring_queries	mono_rev_structural_small	stream	https://sourcegraph.com/-/debug/jaeger/trace/f2d80e897281617ddf2b1cb2de731b64	254	7.069025583	6.258918792
2023-06-09T19:11:19Z	monitoring_queries	mono_diff_small	stream	https://sourcegraph.com/-/debug/jaeger/trace/60a0f24c04c7935d23a9ae286ce41803	21	16.748016333	14.255701125
2023-06-09T19:11:20Z	monitoring_queries	regex_repo_scope_large	stream	https://sourcegraph.com/-/debug/jaeger/trace/22781d7296af3963191bbd19dd4f06db	0	0.214921709	0.214921709
2023-06-09T19:11:22Z	monitoring_queries	incremental_delta_rev_symbol_small	batch	https://sourcegraph.com/-/debug/jaeger/trace/40ccb0899c4a07d42f2044c019cd5f6d	0	0.129560583	0.129560583
2023-06-09T19:11:22Z	monitoring_queries	or_regex	batch	https://sourcegraph.com/-/debug/jaeger/trace/83fc5501980c2b465a5c7d8eeaa824c8	30	1.125799709	1.125799709
2023-06-09T19:11:23Z	monitoring_queries	incremental_normal_literal_small	stream	https://sourcegraph.com/-/debug/jaeger/trace/f5a2fffe0bb99e436f5662d93f468da9	13	0.276002292	0.180792125
2023-06-09T19:11:23Z	monitoring_queries	incremental_delta_literal_large	batch	https://sourcegraph.com/-/debug/jaeger/trace/f4bbb7eb3f13c93f8ca50f47d71fed2e	0	0.130501333	0.130501333
2023-06-09T19:11:23Z	monitoring_queries	symbol_small	stream	https://sourcegraph.com/-/debug/jaeger/trace/91daaed8727cf6e55353bd92441aad0e	226	0.759277417	0.724464709
2023-06-09T19:11:24Z	monitoring_queries	incremental_normal_literal_large	batch	https://sourcegraph.com/-/debug/jaeger/trace/01e0aab007ca4a7fdca48340624e7b73	1000	0.189869917	0.189869917
2023-06-09T19:11:24Z	monitoring_queries	diff_small	batch	https://sourcegraph.com/-/debug/jaeger/trace/77f66221445c2ed8f0b49bbcb09ed7ad	21	0.885710958	0.885710958
2023-06-09T19:11:25Z	monitoring_queries	mono_symbol_small	batch	https://sourcegraph.com/-/debug/jaeger/trace/27bff2b46448fd8c25fecefbdee13966	2	0.229449958	0.229449958
2023-06-09T19:11:25Z	monitoring_queries	structural_multi_repo_small	batch	https://sourcegraph.com/-/debug/jaeger/trace/8c9d8c81f827819f42c4e295b4c8f80f	30	0.672239625	0.672239625
2023-06-09T19:11:27Z	monitoring_queries	regex_two_sameline	stream	https://sourcegraph.com/-/debug/jaeger/trace/065d406441e1665dcb623aece8f42206	500	25.960234958	1.396374458
2023-06-09T19:11:27Z	monitoring_queries	incremental_normal_commit_small	stream	https://sourcegraph.com/-/debug/jaeger/trace/07a0851de489f6a24d02f041358c5194	21	0.744738083	0.5457605
2023-06-09T19:11:28Z	monitoring_queries	literal_repo_scope	batch	https://sourcegraph.com/-/debug/jaeger/trace/84f19d01786c6cd872bbdcc67db31b83	0	0.094142042	0.094142042
2023-06-09T19:11:28Z	monitoring_queries	incremental_normal_regex_small	batch	https://sourcegraph.com/-/debug/jaeger/trace/eb355c9a4b78122271a49a32f9d2f703	10	0.304077125	0.304077125
2023-06-09T19:11:29Z	monitoring_queries	diff_small	stream	https://sourcegraph.com/-/debug/jaeger/trace/42be990d1b2ea3981d43dda074465b32	21	0.745498917	0.516909125
2023-06-09T19:11:29Z	monitoring_queries	incremental_delta_rev_regex_small	batch	https://sourcegraph.com/-/debug/jaeger/trace/02093e3c52ffd9d04c9c7ca07cbbd3fb	0	0.102871625	0.102871625
2023-06-09T19:11:30Z	monitoring_queries	incremental_normal_rev_regex_small	stream	https://sourcegraph.com/-/debug/jaeger/trace/77a40155a3fc6f7c894db387f1199c69	10	0.2954545	0.265743167
2023-06-09T19:11:31Z	monitoring_queries	regex_repo_scope_small	batch	https://sourcegraph.com/-/debug/jaeger/trace/6d897ba5c33b908cc0bdb730b7782e0f	0	0.131214875	0.131214875
2023-06-09T19:11:32Z	monitoring_queries	structural_repo_scope_small	stream	https://sourcegraph.com/-/debug/jaeger/trace/055b2802ba084f9c316a9d55d9147054	0	0.124027667	0.124027667
2023-06-09T19:11:32Z	monitoring_queries	incremental_delta_literal_small	batch	https://sourcegraph.com/-/debug/jaeger/trace/96e911142ccf4e145f9f32911a874ce9	0	0.123751	0.123751
2023-06-09T19:11:32Z	monitoring_queries	literal_large	stream	https://sourcegraph.com/-/debug/jaeger/trace/aa82dcbc5827eb4bc06d83d50ec1bf14	1000	1.769122584	1.735677875
2023-06-09T19:11:32Z	monitoring_queries	literal_small_select_repo	batch	https://sourcegraph.com/-/debug/jaeger/trace/968feabf897183fda3b270adfd923b3a	9	2.269260584	2.269260584
2023-06-09T19:11:34Z	monitoring_queries	regex_small	batch	https://sourcegraph.com/-/debug/jaeger/trace/56775c44227826e839779a1844956943	20	2.54506925	2.54506925
2023-06-09T19:11:34Z	monitoring_queries	literal_large_select_repo	stream	https://sourcegraph.com/-/debug/jaeger/trace/e204588af3fd97ce6225b8e52ee34b77	202	2.481202333	0.271617791
2023-06-09T19:11:34Z	monitoring_queries	incremental_normal_regex_small	stream	https://sourcegraph.com/-/debug/jaeger/trace/0400293337e37492dcc3f78cb9f7b00d	10	1.104290041	1.086954166
2023-06-09T19:11:35Z	monitoring_queries	literal_small	stream	https://sourcegraph.com/-/debug/jaeger/trace/f97506b134c79711ca94fcbb19e7f48a	31	1.753221333	1.691398875
2023-06-09T19:11:37Z	monitoring_queries	regex_large	batch	https://sourcegraph.com/-/debug/jaeger/trace/4db4725d3ed99b5fad28eb32f7bb94bd	30	1.666839709	1.666839709
2023-06-09T19:11:37Z	monitoring_queries	structural_multi_repo_small	stream	https://sourcegraph.com/-/debug/jaeger/trace/97fd8cf3d7ed3d2dd6eb5da721f56bc8	66	1.267319833	0.31389075
2023-06-09T19:11:38Z	monitoring_queries	regex_two_sameline	batch	https://sourcegraph.com/-/debug/jaeger/trace/47741cf8b0f0f2d79746fd982cc455a6	30	3.368930791	3.368930791
2023-06-09T19:11:38Z	monitoring_queries	incremental_normal_rev_symbol_small	stream	https://sourcegraph.com/-/debug/jaeger/trace/8f738c42bcea2ef41ace7b7e8b1c9f4d	12	0.309593125	0.309574125
2023-06-09T19:11:40Z	monitoring_queries	regex_large	stream	https://sourcegraph.com/-/debug/jaeger/trace/205da6a8b897d7c46589c9f142360a9b	500	1.4791699999999999	1.467137166
2023-06-09T19:11:42Z	monitoring_queries	or_regex	stream	https://sourcegraph.com/-/debug/jaeger/trace/e387af3d82b0fa02fa420d816303fc1f	500	2.705603125	1.20098875
2023-06-09T19:11:42Z	monitoring_queries	mono_symbol_small	stream	https://sourcegraph.com/-/debug/jaeger/trace/95bda94c2d408e6f0d4eb47010d5570e	2	0.133305167	0.116765
2023-06-09T19:11:43Z	monitoring_queries	incremental_delta_diff_small	stream	https://sourcegraph.com/-/debug/jaeger/trace/3e4aaa20eceaae3d14a0ef302980b11c	0	0.108738542	0.108738542
2023-06-09T19:11:45Z	monitoring_queries	incremental_normal_diff_small	stream	https://sourcegraph.com/-/debug/jaeger/trace/07cdf1ab022bb1f10552f85284f8f738	21	0.848684792	0.586662167
2023-06-09T19:11:45Z	monitoring_queries	literal_small	batch	https://sourcegraph.com/-/debug/jaeger/trace/69214b774c43d7a2cc786ebf29412448	30	1.2602034579999999	1.2602034579999999
2023-06-09T19:11:46Z	monitoring_queries	mono_commit_small	stream	https://sourcegraph.com/-/debug/jaeger/trace/b8798857d5a0c4f54f5fc3820aff5447	21	13.563001583	11.245041958
2023-06-09T19:11:46Z	monitoring_queries	incremental_normal_symbol_small	batch	https://sourcegraph.com/-/debug/jaeger/trace/9f7621312c58fceca402324f2bcba13b	12	0.388710917	0.388710917
2023-06-09T19:11:47Z	monitoring_queries	commit_small	batch	https://sourcegraph.com/-/debug/jaeger/trace/ab077dae630973518e52aefb3c5de52c	21	0.902281375	0.902281375
2023-06-09T19:11:48Z	monitoring_queries	commit_small	stream	https://sourcegraph.com/-/debug/jaeger/trace/7cb2aa28b60b41d9dcc0d1f822a7a7a0	21	0.787955292	0.5621195
2023-06-09T19:11:48Z	monitoring_queries	regex_file_scope	batch	https://sourcegraph.com/-/debug/jaeger/trace/48129c3207d55b27e62f386eb96cac35	0	0.178885167	0.178885167
2023-06-09T19:11:48Z	monitoring_queries	regex_medium	stream	https://sourcegraph.com/-/debug/jaeger/trace/e8e196cf4e14f4555e937a4c22645185	332	2.123552583	2.049858667
2023-06-09T19:11:49Z	monitoring_queries	incremental_delta_commit_small	stream	https://sourcegraph.com/-/debug/jaeger/trace/2899f1322d49aed346c672cb85f7445a	0	0.201174708	0.201174708
2023-06-09T19:11:49Z	monitoring_queries	mono_literal_large	batch	https://sourcegraph.com/-/debug/jaeger/trace/b23021036cffd9f1b446e77ec93bf9e2	1000	0.328911042	0.328911042
2023-06-09T19:11:49Z	monitoring_queries	regex_repo_scope_small	stream	https://sourcegraph.com/-/debug/jaeger/trace/17b606fdd9675f5c5c3889f8d6b5ac23	0	0.137907792	0.137907792
2023-06-09T19:11:50Z	monitoring_queries	incremental_delta_symbol_small	stream	https://sourcegraph.com/-/debug/jaeger/trace/57950f4eedda62396aacc1fb5278205e	0	0.12574	0.12574
2023-06-09T19:11:50Z	monitoring_queries	mono_diff_small	batch	https://sourcegraph.com/-/debug/jaeger/trace/f12156049613249bc0bc64a1a9833e4a	21	14.318840375	14.318840375
2023-06-09T19:11:55Z	monitoring_queries	mono_rev_literal_large	stream	https://sourcegraph.com/-/debug/jaeger/trace/845f0ce81a932f83e48be1d2e0d6438b	1000	0.631830375	0.599390209
2023-06-09T19:11:56Z	monitoring_queries	incremental_normal_commit_small	batch	https://sourcegraph.com/-/debug/jaeger/trace/b60bde584126ab20c41341e5cc477f3b	21	0.90143575	0.90143575
2023-06-09T19:11:56Z	monitoring_queries	and_regex	batch	https://sourcegraph.com/-/debug/jaeger/trace/b7328c3cd90d54acfc9accdc012ea6ac	30	1.527933083	1.527933083
2023-06-09T19:11:56Z	monitoring_queries	regex_repo_scope_large	batch	https://sourcegraph.com/-/debug/jaeger/trace/86e2f5c2452c51a31faba02bea163692	0	0.179052334	0.179052334
2023-06-09T19:11:56Z	monitoring_queries	incremental_delta_commit_small	batch	https://sourcegraph.com/-/debug/jaeger/trace/db646c902b421564d8205a4ae0acc981	0	0.132089125	0.132089125
2023-06-09T19:11:57Z	monitoring_queries	mono_commit_small	batch	https://sourcegraph.com/-/debug/jaeger/trace/378b12dcd7295d9c9d11fb0293f4a8fb	21	14.483203334	14.483203334
2023-06-09T19:11:57Z	monitoring_queries	literal_large	batch	https://sourcegraph.com/-/debug/jaeger/trace/96cbdb34164cc37797a62ff72a1d1bef	1000	1.463157541	1.463157541
2023-06-09T19:11:58Z	monitoring_queries	and_literal_simple	batch	https://sourcegraph.com/-/debug/jaeger/trace/a4f0e00521a26921a80c4ddf710fd27c	30	1.341598542	1.341598542
2023-06-09T19:11:58Z	monitoring_queries	incremental_delta_rev_regex_small	stream	https://sourcegraph.com/-/debug/jaeger/trace/d615c43e0f753f1000026fe9d6f7355f	0	0.214427	0.214427
2023-06-09T19:11:59Z	monitoring_queries	incremental_normal_literal_large	stream	https://sourcegraph.com/-/debug/jaeger/trace/78038b5fb6aa48df06c2d03e98e4de27	1000	0.355959375	0.263836083
2023-06-09T19:12:02Z	monitoring_queries	incremental_delta_regex_small	stream	https://sourcegraph.com/-/debug/jaeger/trace/e54d52ccc05404d4d43e80671a8c40f1	0	0.152355042	0.152355042
2023-06-09T19:12:02Z	monitoring_queries	and_regex	stream	https://sourcegraph.com/-/debug/jaeger/trace/53e0c436383bbce6dbd3bef555f776d9	500	2.031523375	1.552176625
2023-06-09T19:12:04Z	monitoring_queries	structural_repo_scope_small	batch	https://sourcegraph.com/-/debug/jaeger/trace/2703b794dcc94cad5cc84183cc13aac0	0	0.102587792	0.102587792
2023-06-09T19:12:05Z	monitoring_queries	or_literal_simple	batch	https://sourcegraph.com/-/debug/jaeger/trace/aa6f45460d7788c258a7260d0093be7d	30	1.510221208	1.510221208
2023-06-09T19:12:05Z	monitoring_queries	literal_file_scope	stream	https://sourcegraph.com/-/debug/jaeger/trace/38389e52fb6ddf0c03242b9f02a5454f	0	0.250167875	0.250167875
2023-06-09T19:12:06Z	monitoring_queries	incremental_delta_rev_symbol_small	stream	https://sourcegraph.com/-/debug/jaeger/trace/1adabc3752df5644607f7c9a3d091afb	0	0.227334	0.227334
2023-06-09T19:12:07Z	monitoring_queries	regex_small	stream	https://sourcegraph.com/-/debug/jaeger/trace/17e68b4f88fb4fe087f501aecfaaf3c5	20	1.6693563340000002	1.6357470840000001
2023-06-09T19:12:07Z	monitoring_queries	symbol_small	batch	https://sourcegraph.com/-/debug/jaeger/trace/b7d014989d03cefde8d7fb8cfa9a7ee9	30	2.132446834	2.132446834
2023-06-09T19:12:07Z	monitoring_queries	incremental_delta_literal_large	stream	https://sourcegraph.com/-/debug/jaeger/trace/94100010797a07d0b2bc3d86082fd395	0	0.135895667	0.135895667
2023-06-09T19:12:08Z	monitoring_queries	incremental_normal_rev_symbol_small	batch	https://sourcegraph.com/-/debug/jaeger/trace/1b478f50ac5205645379d0bf7ef8a09c	12	0.240424541	0.240424541
2023-06-09T19:12:08Z	monitoring_queries	mono_rev_symbol_small	batch	https://sourcegraph.com/-/debug/jaeger/trace/6fa87824a78dd63f3fd284f6953992af	2	0.412187584	0.412187584
2023-06-09T19:12:09Z	monitoring_queries	incremental_delta_literal_small	stream	https://sourcegraph.com/-/debug/jaeger/trace/f02f677bbad19d9619130beca41a6ddc	0	0.205383167	0.205383167
2023-06-09T19:12:09Z	monitoring_queries	mono_rev_structural_small	batch	https://sourcegraph.com/-/debug/jaeger/trace/136c24f9f45164f3c0cc32e90184e941	30	6.34405725	6.34405725
2023-06-09T19:12:09Z	monitoring_queries	incremental_normal_diff_small	batch	https://sourcegraph.com/-/debug/jaeger/trace/01c0d10d10333f79b386949ec96cc74f	21	0.886081083	0.886081083
2023-06-09T19:12:10Z	monitoring_queries	mono_regex_small	batch	https://sourcegraph.com/-/debug/jaeger/trace/f6e743c6ba0c490025ff9b9ae633adad	10	0.354342208	0.354342208
2023-06-09T19:12:10Z	monitoring_queries	and_literal_simple	stream	https://sourcegraph.com/-/debug/jaeger/trace/d7b7b228083461489df02107cb6ba315	500	1.452823583	1.412175875
2023-06-09T19:12:10Z	monitoring_queries	incremental_delta_regex_small	batch	https://sourcegraph.com/-/debug/jaeger/trace/cb3d89ec1bf0ba85514d3efa75485061	0	0.182805417	0.182805417
2023-06-09T19:12:11Z	monitoring_queries	literal_repo_excluded_scope	batch	https://sourcegraph.com/-/debug/jaeger/trace/0c631e11ac26fdeba51aa8dfe3e9df0c	20	3.556858875	3.556858875
2023-06-09T19:12:11Z	monitoring_queries	regex_medium	batch	https://sourcegraph.com/-/debug/jaeger/trace/96be6ea7215785f3277548d2441b7a62	30	1.8399675	1.8399675
2023-06-09T19:12:11Z	monitoring_queries	regex_file_scope	stream	https://sourcegraph.com/-/debug/jaeger/trace/11861fc0d2f74ad95a977c8c7c788001	0	0.119127167	0.119127167
2023-06-09T19:12:12Z	monitoring_queries	incremental_delta_diff_small	batch	https://sourcegraph.com/-/debug/jaeger/trace/2af35b70d65699ca00ada49421509c58	0	0.161942	0.161942
2023-06-09T19:12:13Z	monitoring_queries	literal_repo_scope	stream	https://sourcegraph.com/-/debug/jaeger/trace/7819b1ab57b93b374c9c75f107905361	0	0.250798833	0.250798833
2023-06-09T19:12:15Z	monitoring_queries	or_literal_simple	stream	https://sourcegraph.com/-/debug/jaeger/trace/85c0467face3dc0cd6cfcabe6db0bc85	500	1.432110167	1.42237275
2023-06-09T19:12:15Z	monitoring_queries	incremental_delta_symbol_small	batch	https://sourcegraph.com/-/debug/jaeger/trace/337d12b906f00b7b9d815d390a1317ba	0	0.144240333	0.144240333
2023-06-09T19:12:17Z	monitoring_queries	literal_file_scope	batch	https://sourcegraph.com/-/debug/jaeger/trace/f36ae9aedbf28e62b049480b8b165c95	0	0.164795958	0.164795958
2023-06-09T19:12:17Z	monitoring_queries	mono_diff_small	stream	https://sourcegraph.com/-/debug/jaeger/trace/03e74b2aab176cec121d1094b1223938	21	14.150998583	11.68331475
2023-06-09T19:12:17Z	monitoring_queries	incremental_normal_symbol_small	stream	https://sourcegraph.com/-/debug/jaeger/trace/474b4d9407dff0ed817cf14311f4d5b4	12	1.3025266659999999	0.24677875
2023-06-09T19:12:17Z	monitoring_queries	regex_three_sameline	batch	https://sourcegraph.com/-/debug/jaeger/trace/db810e15b2c7994b48f16b067bdea8f4	30	1.447039583	1.447039583
2023-06-09T19:12:18Z	monitoring_queries	literal_large_select_repo	batch	https://sourcegraph.com/-/debug/jaeger/trace/3a22ad581d11dc425a4070506e74762c	202	1.704548167	1.704548167
2023-06-09T19:12:18Z	monitoring_queries	literal_small_select_repo	stream	https://sourcegraph.com/-/debug/jaeger/trace/0982350a58b5e672a0d67efc0c3a0242	9	1.497184458	0.243477583
2023-06-09T19:12:18Z	monitoring_queries	literal_repo_excluded_scope	stream	https://sourcegraph.com/-/debug/jaeger/trace/2edeb96fe736d28f63bbe60a177be661	20	3.207120125	1.231254542
2023-06-09T19:12:19Z	monitoring_queries	mono_regex_small	stream	https://sourcegraph.com/-/debug/jaeger/trace/78ff6f2c3ee2509694fd78d14783f8c2	10	0.389997	0.389877416
2023-06-09T19:12:20Z	monitoring_queries	mono_rev_structural_small	stream	https://sourcegraph.com/-/debug/jaeger/trace/a0af81649599a51c2a8d1929d6ad6d22	254	7.596174875	6.6334553750000005
2023-06-09T19:12:20Z	monitoring_queries	regex_repo_scope_large	stream	https://sourcegraph.com/-/debug/jaeger/trace/58575bbbe14ef399638edfe7a3621167	0	0.142003292	0.142003292
2023-06-09T19:12:22Z	monitoring_queries	incremental_delta_rev_symbol_small	batch	https://sourcegraph.com/-/debug/jaeger/trace/a029e67048c5a773f639f985e8ad96be	0	0.1364285	0.1364285
2023-06-09T19:12:23Z	monitoring_queries	or_regex	batch	https://sourcegraph.com/-/debug/jaeger/trace/1c7a1fdde7d38af8a5c06f0940e2a8a9	30	1.40817525	1.40817525
2023-06-09T19:12:23Z	monitoring_queries	incremental_normal_literal_small	stream	https://sourcegraph.com/-/debug/jaeger/trace/7637fe102f0e066fcd31ce818c81fe7a	13	0.231717875	0.20465475
2023-06-09T19:12:23Z	monitoring_queries	incremental_delta_literal_large	batch	https://sourcegraph.com/-/debug/jaeger/trace/2eba759743f212d22c3f2a137eea6b46	0	0.139959333	0.139959333
2023-06-09T19:12:24Z	monitoring_queries	incremental_normal_literal_large	batch	https://sourcegraph.com/-/debug/jaeger/trace/903036e3134a1dca76444f611d3c687d	1000	0.310320041	0.310320041
2023-06-09T19:12:24Z	monitoring_queries	diff_small	batch	https://sourcegraph.com/-/debug/jaeger/trace/2be3916a55cf1e229b5cdc15752e695c	21	1.007885375	1.007885375
2023-06-09T19:12:26Z	monitoring_queries	structural_multi_repo_small	batch	https://sourcegraph.com/-/debug/jaeger/trace/e2bd96dc55484dfcc87505562a352662	30	1.743666416	1.743666416
2023-06-09T19:12:27Z	monitoring_queries	incremental_normal_commit_small	stream	https://sourcegraph.com/-/debug/jaeger/trace/d24a5345f53932d6ff0f8977e75f131b	21	0.820254083	0.57997
2023-06-09T19:12:28Z	monitoring_queries	literal_repo_scope	batch	https://sourcegraph.com/-/debug/jaeger/trace/35dd8830bb558f44a49ac52a0add8e30	0	0.123753958	0.123753958
2023-06-09T19:12:28Z	monitoring_queries	incremental_normal_regex_small	batch	https://sourcegraph.com/-/debug/jaeger/trace/fe61935694df356f5a509e0ae09ad605	10	0.229961708	0.229961708
2023-06-09T19:12:29Z	monitoring_queries	symbol_small	stream	https://sourcegraph.com/-/debug/jaeger/trace/117ac7d9ae914da1614bef5ddf1c0862	226	6.157239875	1.7693058750000001
2023-06-09T19:12:29Z	monitoring_queries	diff_small	stream	https://sourcegraph.com/-/debug/jaeger/trace/cc05650c699f8b1f5451b9284b33b36c	21	0.85706925	0.628868375
2023-06-09T19:12:29Z	monitoring_queries	incremental_delta_rev_regex_small	batch	https://sourcegraph.com/-/debug/jaeger/trace/46354df419dd6db418eac850265621e9	0	0.151493125	0.151493125
2023-06-09T19:12:29Z	monitoring_queries	incremental_normal_rev_regex_small	stream	https://sourcegraph.com/-/debug/jaeger/trace/24b1d4a6fd12a0b82753fc5d0b3b289a	10	0.178736917	0.154253375
2023-06-09T19:12:31Z	monitoring_queries	literal_small_select_repo	batch	https://sourcegraph.com/-/debug/jaeger/trace/68b9a3d234904a1d8ee6a2023f07f45f	9	0.923002958	0.923002958
2023-06-09T19:12:31Z	monitoring_queries	literal_large	stream	https://sourcegraph.com/-/debug/jaeger/trace/f1a1d7cb7d529637eb9a326475936315	1000	0.915253625	0.848786541
2023-06-09T19:12:31Z	monitoring_queries	regex_repo_scope_small	batch	https://sourcegraph.com/-/debug/jaeger/trace/5bd053c44480311e6f821cbe4848283f	0	0.153908666	0.153908666
2023-06-09T19:12:32Z	monitoring_queries	structural_repo_scope_small	stream	https://sourcegraph.com/-/debug/jaeger/trace/4c7746eac8dac90470f4afbb0298194e	0	0.12220175	0.12220175
2023-06-09T19:12:32Z	monitoring_queries	incremental_delta_literal_small	batch	https://sourcegraph.com/-/debug/jaeger/trace/fb215ffded5c7ff7845a8cfd4a4d0f9e	0	0.199805958	0.199805958
2023-06-09T19:12:32Z	monitoring_queries	regex_small	batch	https://sourcegraph.com/-/debug/jaeger/trace/c225aad54925bd2ecc8ad8f533eb1612	20	1.022458625	1.022458625
2023-06-09T19:12:32Z	monitoring_queries	literal_large_select_repo	stream	https://sourcegraph.com/-/debug/jaeger/trace/058f9f07744f6c09bb5ff948714d7f51	202	0.891114208	0.105248333
2023-06-09T19:12:33Z	monitoring_queries	incremental_normal_regex_small	stream	https://sourcegraph.com/-/debug/jaeger/trace/0f17c8ae0ad8cb9a3cd0d27988ae9df4	10	0.147671417	0.127215583
2023-06-09T19:12:34Z	monitoring_queries	regex_three_sameline	stream	https://sourcegraph.com/-/debug/jaeger/trace/584b61274d24ada10600404580b08833	500	49.628002875	1.605387583
2023-06-09T19:12:34Z	monitoring_queries	literal_small	stream	https://sourcegraph.com/-/debug/jaeger/trace/1b328ff8664c9a61af86664a64ab3b37	31	0.388023125	0.342614875
2023-06-09T19:12:36Z	monitoring_queries	regex_large	batch	https://sourcegraph.com/-/debug/jaeger/trace/360e1c458432a133ee64e096f31ef1af	30	1.469594542	1.469594542
2023-06-09T19:12:37Z	monitoring_queries	regex_two_sameline	batch	https://sourcegraph.com/-/debug/jaeger/trace/9487baf0caf0bbfea25a2b5b44d4ce9e	30	2.722136334	2.722136334
2023-06-09T19:12:38Z	monitoring_queries	incremental_normal_rev_symbol_small	stream	https://sourcegraph.com/-/debug/jaeger/trace/0df94718f0b8f639f702abd6167a7557	12	0.289289916	0.164929458
2023-06-09T19:12:40Z	monitoring_queries	regex_large	stream	https://sourcegraph.com/-/debug/jaeger/trace/64c896e8ba558f286e7b3df5ff368fe9	500	1.292095917	1.263951375
2023-06-09T19:12:40Z	monitoring_queries	or_regex	stream	https://sourcegraph.com/-/debug/jaeger/trace/75b2dddf0a14f9955dc6f765603f7faf	500	1.203746167	1.158401833
2023-06-09T19:12:42Z	monitoring_queries	mono_symbol_small	stream	https://sourcegraph.com/-/debug/jaeger/trace/4732fe63272cc2e7b92d5c09aa74d228	2	0.133718375	0.121438458
2023-06-09T19:12:43Z	monitoring_queries	incremental_delta_diff_small	stream	https://sourcegraph.com/-/debug/jaeger/trace/5bfa539125ef60cd8e747b77af029ce2	0	0.122777125	0.122777125
2023-06-09T19:12:45Z	monitoring_queries	regex_two_sameline	stream	https://sourcegraph.com/-/debug/jaeger/trace/4352527a3edced26bbb673ddf72d2570	500	43.297358833	1.747765625
2023-06-09T19:12:45Z	monitoring_queries	literal_small	batch	https://sourcegraph.com/-/debug/jaeger/trace/6f5e969d526558bafec3cb23c4438bdd	30	0.728238542	0.728238542
2023-06-09T19:12:45Z	monitoring_queries	incremental_normal_diff_small	stream	https://sourcegraph.com/-/debug/jaeger/trace/6cb024a77b4707da72f7b253aa390368	21	1.030000583	0.688279708
2023-06-09T19:12:46Z	monitoring_queries	incremental_normal_symbol_small	batch	https://sourcegraph.com/-/debug/jaeger/trace/14197d07617316250b14b6c5a9db593d	12	0.290086875	0.290086875
2023-06-09T19:12:47Z	monitoring_queries	commit_small	batch	https://sourcegraph.com/-/debug/jaeger/trace/a4747a22d2b85de7b6a074897c1444fd	21	1.192726875	1.192726875
2023-06-09T19:12:48Z	monitoring_queries	mono_commit_small	stream	https://sourcegraph.com/-/debug/jaeger/trace/73dce4b85e3cf0fdeee1d46a6df7b5d7	21	15.375185292	12.466132959
2023-06-09T19:12:48Z	monitoring_queries	commit_small	stream	https://sourcegraph.com/-/debug/jaeger/trace/619ab143ccb125828c13ffebab54f4de	21	0.841923417	0.601665083
2023-06-09T19:12:48Z	monitoring_queries	regex_file_scope	batch	https://sourcegraph.com/-/debug/jaeger/trace/e05363e24b07564fe9c48a4f06601085	0	0.136557667	0.136557667
2023-06-09T19:12:48Z	monitoring_queries	regex_medium	stream	https://sourcegraph.com/-/debug/jaeger/trace/864f98d3a473f9a1db34768808261564	332	1.472976542	1.285188042
2023-06-09T19:12:49Z	monitoring_queries	mono_literal_large	batch	https://sourcegraph.com/-/debug/jaeger/trace/7d1b6528cb0901719fab9bb50abe1523	1000	0.181002667	0.181002667
2023-06-09T19:12:49Z	monitoring_queries	incremental_delta_commit_small	stream	https://sourcegraph.com/-/debug/jaeger/trace/8963c80a5d063cedcdf34894cb0ec369	0	0.115175084	0.115175084
2023-06-09T19:12:49Z	monitoring_queries	regex_repo_scope_small	stream	https://sourcegraph.com/-/debug/jaeger/trace/5c7448986cda89e8c6870e7b47a89cac	0	0.138457958	0.138457958
2023-06-09T19:12:50Z	monitoring_queries	incremental_delta_symbol_small	stream	https://sourcegraph.com/-/debug/jaeger/trace/7ecbf6643ee4327b8598f4d0ae16ad2e	0	0.114298792	0.114298792
2023-06-09T19:12:51Z	monitoring_queries	mono_diff_small	batch	https://sourcegraph.com/-/debug/jaeger/trace/250ce03cda6dec1eca4c69fd59ccb7af	21	15.449517333	15.449517333
2023-06-09T19:12:54Z	monitoring_queries	mono_rev_literal_large	stream	https://sourcegraph.com/-/debug/jaeger/trace/f1c382a343dc8836b9346d7f58609b06	1000	0.418795583	0.32309625
2023-06-09T19:12:56Z	monitoring_queries	and_regex	batch	https://sourcegraph.com/-/debug/jaeger/trace/5d0df5ee5e2685afeeda7b33a00bb3bf	30	1.417039167	1.417039167
2023-06-09T19:12:56Z	monitoring_queries	incremental_normal_commit_small	batch	https://sourcegraph.com/-/debug/jaeger/trace/518b662cc15ee67ed3ee82ca214c38c2	21	1.057145583	1.057145583
2023-06-09T19:12:56Z	monitoring_queries	regex_repo_scope_large	batch	https://sourcegraph.com/-/debug/jaeger/trace/c6e927e37212c9c6af2155dbf10276de	0	0.328217833	0.328217833
2023-06-09T19:12:56Z	monitoring_queries	incremental_delta_commit_small	batch	https://sourcegraph.com/-/debug/jaeger/trace/bea4dbee1dc99b8bd9eaa310a7eac4a4	0	0.12527575	0.12527575
2023-06-09T19:12:57Z	monitoring_queries	literal_large	batch	https://sourcegraph.com/-/debug/jaeger/trace/cdfdf98fe885b7fa748efe85aed57d28	1000	1.077569416	1.077569416
2023-06-09T19:12:57Z	monitoring_queries	and_literal_simple	batch	https://sourcegraph.com/-/debug/jaeger/trace/37a9b3c2c2f6a36fc3e18a5dcbff9f01	30	1.118141833	1.118141833
2023-06-09T19:12:58Z	monitoring_queries	mono_commit_small	batch	https://sourcegraph.com/-/debug/jaeger/trace/6e5ee926016117021752b68f79eb4c94	21	15.238964708	15.238964708
2023-06-09T19:12:58Z	monitoring_queries	incremental_delta_rev_regex_small	stream	https://sourcegraph.com/-/debug/jaeger/trace/94175ee907e22c5dd192941d895738e7	0	0.151833625	0.151833625
2023-06-09T19:12:58Z	monitoring_queries	incremental_normal_literal_large	stream	https://sourcegraph.com/-/debug/jaeger/trace/df67314aba79911a2bf1a7a46ebeab25	1000	0.2385515	0.175271
2023-06-09T19:13:01Z	monitoring_queries	and_regex	stream	https://sourcegraph.com/-/debug/jaeger/trace/c8e9d689b74b8329f5e1dd7e9a243603	500	1.404708542	1.343432833
2023-06-09T19:13:02Z	monitoring_queries	incremental_delta_regex_small	stream	https://sourcegraph.com/-/debug/jaeger/trace/b3c2558e7339b714434db30485e204c3	0	0.377046417	0.377046417
2023-06-09T19:13:04Z	monitoring_queries	structural_repo_scope_small	batch	https://sourcegraph.com/-/debug/jaeger/trace/a0f77224f7677aa367df3ea787c419fa	0	0.128588583	0.128588583
2023-06-09T19:13:04Z	monitoring_queries	or_literal_simple	batch	https://sourcegraph.com/-/debug/jaeger/trace/60fdbe650a39dce629f089673851fb8b	30	1.213558167	1.213558167
2023-06-09T19:13:05Z	monitoring_queries	literal_file_scope	stream	https://sourcegraph.com/-/debug/jaeger/trace/34c6e579cb7d7775b495387e5a8cab79	0	0.143980417	0.143980417
2023-06-09T19:13:05Z	monitoring_queries	symbol_small	batch	https://sourcegraph.com/-/debug/jaeger/trace/ea0584f511529a5f4f49a2ae4f369f41	30	0.500232708	0.500232708
2023-06-09T19:13:05Z	monitoring_queries	regex_small	stream	https://sourcegraph.com/-/debug/jaeger/trace/388cbc4ccae45e927cd737492325ccc6	20	0.529145291	0.505651083
2023-06-09T19:13:06Z	monitoring_queries	incremental_delta_rev_symbol_small	stream	https://sourcegraph.com/-/debug/jaeger/trace/35c59a6ed0af78360b9e6628e09dc576	0	0.083088208	0.083088208
2023-06-09T19:13:07Z	monitoring_queries	incremental_delta_literal_large	stream	https://sourcegraph.com/-/debug/jaeger/trace/b078e4990e261ed8228bac199d9c5031	0	0.130380584	0.130380584
2023-06-09T19:13:08Z	monitoring_queries	mono_rev_structural_small	batch	https://sourcegraph.com/-/debug/jaeger/trace/8aafe64e853f5cd3a15d1ec2a6a11d4a	30	5.226326458	5.226326458
2023-06-09T19:13:09Z	monitoring_queries	incremental_delta_literal_small	stream	https://sourcegraph.com/-/debug/jaeger/trace/379ed65fb41eed4d83e172ace0792168	0	0.235163542	0.235163542
2023-06-09T19:13:09Z	monitoring_queries	and_literal_simple	stream	https://sourcegraph.com/-/debug/jaeger/trace/af8a6cfc0448e7fffb5fae0b775faf8f	500	0.731476625	0.695349209
2023-06-09T19:13:09Z	monitoring_queries	incremental_normal_diff_small	batch	https://sourcegraph.com/-/debug/jaeger/trace/92889201425061c3257a2fa64d6800fc	21	0.99031575	0.99031575
2023-06-09T19:13:10Z	monitoring_queries	regex_medium	batch	https://sourcegraph.com/-/debug/jaeger/trace/acc6b2162018f958daf88bb352fe08d4	30	0.736610209	0.736610209
2023-06-09T19:13:10Z	monitoring_queries	incremental_delta_regex_small	batch	https://sourcegraph.com/-/debug/jaeger/trace/6911c5b79ac7d067a161ad14559efcfa	0	0.200987583	0.200987583
2023-06-09T19:13:10Z	monitoring_queries	literal_repo_excluded_scope	batch	https://sourcegraph.com/-/debug/jaeger/trace/77a45022a315b5bfa7d85ebc92403da1	20	3.253763875	3.253763875
2023-06-09T19:13:11Z	monitoring_queries	regex_file_scope	stream	https://sourcegraph.com/-/debug/jaeger/trace/aa24033ebadb048103c9a74c90a6e3d1	0	0.128213	0.128213
2023-06-09T19:13:12Z	monitoring_queries	incremental_delta_diff_small	batch	https://sourcegraph.com/-/debug/jaeger/trace/acbfbf8cb2db040f3e8991d8a4901db6	0	0.156754875	0.156754875
2023-06-09T19:13:13Z	monitoring_queries	literal_repo_scope	stream	https://sourcegraph.com/-/debug/jaeger/trace/4de346142b64260e0624a93ba534eec6	0	0.124489	0.124489
2023-06-09T19:13:14Z	monitoring_queries	or_literal_simple	stream	https://sourcegraph.com/-/debug/jaeger/trace/6c631b4b27783b943115277a4edd7d05	500	1.017042125	1.007059042
2023-06-09T19:13:15Z	monitoring_queries	incremental_delta_symbol_small	batch	https://sourcegraph.com/-/debug/jaeger/trace/198c3cda5d1c912a403042dfcdf266a1	0	0.135844166	0.135844166
2023-06-09T19:13:16Z	monitoring_queries	incremental_normal_symbol_small	stream	https://sourcegraph.com/-/debug/jaeger/trace/5144ef3940c1d2a797144e5d19e3dd3f	12	0.192022917	0.192018167
2023-06-09T19:13:17Z	monitoring_queries	literal_file_scope	batch	https://sourcegraph.com/-/debug/jaeger/trace/3e6fb5fd9b6b6e3a8c862db39af51eac	0	0.152443417	0.152443417
2023-06-09T19:13:17Z	monitoring_queries	literal_large_select_repo	batch	https://sourcegraph.com/-/debug/jaeger/trace/98d6d07b1afabe816a48ca762705e803	202	1.231244625	1.231244625
2023-06-09T19:13:17Z	monitoring_queries	mono_diff_small	stream	https://sourcegraph.com/-/debug/jaeger/trace/409fddc71a81c55888be26ba523abd65	21	14.392145833	11.818974375
2023-06-09T19:13:17Z	monitoring_queries	regex_three_sameline	batch	https://sourcegraph.com/-/debug/jaeger/trace/6135e37d587cef34ae10ed6ad6878ada	30	1.246631458	1.246631458
2023-06-09T19:13:17Z	monitoring_queries	literal_small_select_repo	stream	https://sourcegraph.com/-/debug/jaeger/trace/3af01f23a6752174df36d0608a640304	9	0.884266417	0.157669833
2023-06-09T19:13:18Z	monitoring_queries	literal_repo_excluded_scope	stream	https://sourcegraph.com/-/debug/jaeger/trace/e1f246259355ecfb19df113557a8a717	20	3.2496277080000002	0.824392625
2023-06-09T19:13:19Z	monitoring_queries	mono_rev_structural_small	stream	https://sourcegraph.com/-/debug/jaeger/trace/3f2a191268a907bcc448637e7aa26178	254	7.24527675	6.32885225
2023-06-09T19:13:20Z	monitoring_queries	regex_repo_scope_large	stream	https://sourcegraph.com/-/debug/jaeger/trace/3616c237c8ce53aa1a5cfeffdda10808	0	0.1444795	0.1444795
2023-06-09T19:13:22Z	monitoring_queries	incremental_delta_rev_symbol_small	batch	https://sourcegraph.com/-/debug/jaeger/trace/29218da32a19c0c08274ac7103ffd313	0	0.1578645	0.1578645
2023-06-09T19:13:23Z	monitoring_queries	or_regex	batch	https://sourcegraph.com/-/debug/jaeger/trace/89ac944c7a1f5d6e63184499d1ba50eb	30	1.450934834	1.450934834
2023-06-09T19:13:23Z	monitoring_queries	incremental_delta_literal_large	batch	https://sourcegraph.com/-/debug/jaeger/trace/9bee37e3baadc6612db8615f0c366410	0	0.167563792	0.167563792
2023-06-09T19:13:23Z	monitoring_queries	symbol_small	stream	https://sourcegraph.com/-/debug/jaeger/trace/5f363511c60cc5e99b023a6f3ac91795	226	0.760775	0.735505125
2023-06-09T19:13:24Z	monitoring_queries	incremental_normal_literal_large	batch	https://sourcegraph.com/-/debug/jaeger/trace/50d2512654bc377a8c8511eb56f15484	1000	0.204890042	0.204890042
2023-06-09T19:13:24Z	monitoring_queries	diff_small	batch	https://sourcegraph.com/-/debug/jaeger/trace/1f094a863a69d26d6dcba41242db34e9	21	0.984106	0.984106
2023-06-09T19:13:25Z	monitoring_queries	structural_multi_repo_small	batch	https://sourcegraph.com/-/debug/jaeger/trace/bcc66c87c823f5f3a9d2b4e9fd15e97b	30	0.705576333	0.705576333
2023-06-09T19:13:27Z	monitoring_queries	incremental_normal_commit_small	stream	https://sourcegraph.com/-/debug/jaeger/trace/d0a0148f49d6c878a92545bd9a1d7516	21	0.824867875	0.608038542
2023-06-09T19:13:28Z	monitoring_queries	literal_repo_scope	batch	https://sourcegraph.com/-/debug/jaeger/trace/96efc6c29012b52f240cf2acc8e4c99b	0	0.187275125	0.187275125
2023-06-09T19:13:28Z	monitoring_queries	incremental_normal_regex_small	batch	https://sourcegraph.com/-/debug/jaeger/trace/1803d5ecf5373af7a127f4a215e75d43	10	0.212788583	0.212788583
2023-06-09T19:13:29Z	monitoring_queries	diff_small	stream	https://sourcegraph.com/-/debug/jaeger/trace/0d679e34643cf49ac4c093d225272183	21	0.833376167	0.614586042
2023-06-09T19:13:29Z	monitoring_queries	incremental_delta_rev_regex_small	batch	https://sourcegraph.com/-/debug/jaeger/trace/9ef5ad3d9bcc92c477771a4b75337243	0	0.164880708	0.164880708
2023-06-09T19:13:30Z	monitoring_queries	incremental_normal_rev_regex_small	stream	https://sourcegraph.com/-/debug/jaeger/trace/bce3dfa34ad943a487ead26b3f9f8095	10	0.293270708	0.194800792
2023-06-09T19:13:31Z	monitoring_queries	literal_small_select_repo	batch	https://sourcegraph.com/-/debug/jaeger/trace/068804558aa275cd03edc474c2244505	9	0.899793708	0.899793708
2023-06-09T19:13:32Z	monitoring_queries	literal_large	stream	https://sourcegraph.com/-/debug/jaeger/trace/d5ed0519ed2498a119e7beba49b2c077	1000	0.99484775	0.95413675
2023-06-09T19:13:32Z	monitoring_queries	regex_repo_scope_small	batch	https://sourcegraph.com/-/debug/jaeger/trace/311551a88ed75e3bf9597ca13377b337	0	0.344613166	0.344613166
2023-06-09T19:13:32Z	monitoring_queries	structural_repo_scope_small	stream	https://sourcegraph.com/-/debug/jaeger/trace/1a19c63f0dabf915e76fc7f155de91d9	0	0.130948875	0.130948875
2023-06-09T19:13:32Z	monitoring_queries	incremental_delta_literal_small	batch	https://sourcegraph.com/-/debug/jaeger/trace/2b5f6f41959588f581bb576ba23bced4	0	0.197903417	0.197903417
2023-06-09T19:13:32Z	monitoring_queries	regex_three_sameline	stream	https://sourcegraph.com/-/debug/jaeger/trace/8491311f7f6b6730f2159c9f3a5a1046	500	47.914063625	1.189523875
2023-06-09T19:13:32Z	monitoring_queries	regex_small	batch	https://sourcegraph.com/-/debug/jaeger/trace/2fe56504cb3ccaf085a5174eb858dbe5	20	1.171855917	1.171855917
2023-06-09T19:13:32Z	monitoring_queries	literal_large_select_repo	stream	https://sourcegraph.com/-/debug/jaeger/trace/743ec7a305dc5f6837c3b56f9bd8e0f0	202	0.895218875	0.126183834
2023-06-09T19:13:34Z	monitoring_queries	literal_small	stream	https://sourcegraph.com/-/debug/jaeger/trace/f10b3c33d8b9ee59c5f954c2328d9d3f	31	0.499449625	0.35558
2023-06-09T19:13:36Z	monitoring_queries	regex_two_sameline	stream	https://sourcegraph.com/-/debug/jaeger/trace/a9d26e2e1055e2af5cb056cf87d3a048	500	34.675633584	1.703042875
2023-06-09T19:13:36Z	monitoring_queries	regex_large	batch	https://sourcegraph.com/-/debug/jaeger/trace/5ec219e372dbe7c7d12d59fa960fb62e	30	1.5466682920000001	1.5466682920000001
2023-06-09T19:13:37Z	monitoring_queries	regex_two_sameline	batch	https://sourcegraph.com/-/debug/jaeger/trace/58b3ca6e904be195c08f81e343bc2e9e	30	2.347251334	2.347251334
2023-06-09T19:13:38Z	monitoring_queries	incremental_normal_rev_symbol_small	stream	https://sourcegraph.com/-/debug/jaeger/trace/c0b9fec07dfce9c0ca346d336d20079b	12	0.110620375	0.101581
2023-06-09T19:13:40Z	monitoring_queries	regex_large	stream	https://sourcegraph.com/-/debug/jaeger/trace/d5d02a22640c324456072ea201d83f64	500	1.161717959	1.148628292
2023-06-09T19:13:40Z	monitoring_queries	or_regex	stream	https://sourcegraph.com/-/debug/jaeger/trace/25328b6e32b0faba904e50f474b43b80	500	1.155553416	1.1320780830000001
2023-06-09T19:13:42Z	monitoring_queries	mono_symbol_small	stream	https://sourcegraph.com/-/debug/jaeger/trace/8923f71b3508131620819e71c69cf6aa	2	0.126930791	0.105916666
2023-06-09T19:13:43Z	monitoring_queries	incremental_delta_diff_small	stream	https://sourcegraph.com/-/debug/jaeger/trace/18c9d3a40eebd0d71847c9b867ee88fa	0	0.09870275	0.09870275
2023-06-09T19:13:45Z	monitoring_queries	incremental_normal_diff_small	stream	https://sourcegraph.com/-/debug/jaeger/trace/6be1f23227c00fe2246ea9bf11a15c43	21	0.942311541	0.664952333
2023-06-09T19:13:45Z	monitoring_queries	literal_small	batch	https://sourcegraph.com/-/debug/jaeger/trace/75008ccfd54e47eaac0670bdab4f9751	30	0.823480334	0.823480334
2023-06-09T19:13:46Z	monitoring_queries	incremental_normal_symbol_small	batch	https://sourcegraph.com/-/debug/jaeger/trace/cd84e57c287d0ccc0cbb812bd79c025c	12	0.255094291	0.255094291
2023-06-09T19:13:47Z	monitoring_queries	commit_small	batch	https://sourcegraph.com/-/debug/jaeger/trace/bd17f3816fc6b26db650ffd7ed91408a	21	0.975881542	0.975881542
2023-06-09T19:13:48Z	monitoring_queries	commit_small	stream	https://sourcegraph.com/-/debug/jaeger/trace/6feb925d83bb5bb9e56dabbfa803cc28	21	0.895596625	0.644285
2023-06-09T19:13:48Z	monitoring_queries	regex_file_scope	batch	https://sourcegraph.com/-/debug/jaeger/trace/abeb1c3341b81433323606096e400a2e	0	0.124413333	0.124413333
2023-06-09T19:13:48Z	monitoring_queries	regex_medium	stream	https://sourcegraph.com/-/debug/jaeger/trace/ee5f4d577eb87fd495a0ce5a1afb81f7	332	1.6043691249999998	1.395396917
2023-06-09T19:13:48Z	monitoring_queries	mono_commit_small	stream	https://sourcegraph.com/-/debug/jaeger/trace/b6c6b4942f1c86f548dc3fd637d93f06	21	16.16167675	12.8294325
2023-06-09T19:13:49Z	monitoring_queries	incremental_delta_commit_small	stream	https://sourcegraph.com/-/debug/jaeger/trace/b47d7251169e16ce2270c436f1d1d992	0	0.151674375	0.151674375
2023-06-09T19:13:49Z	monitoring_queries	regex_repo_scope_small	stream	https://sourcegraph.com/-/debug/jaeger/trace/2e5c2eea85241407ed1276fa0c460692	0	0.128672916	0.128672916
2023-06-09T19:13:50Z	monitoring_queries	incremental_delta_symbol_small	stream	https://sourcegraph.com/-/debug/jaeger/trace/e566b453b38dde999d27c6bf9ee4270f	0	0.128268458	0.128268458
2023-06-09T19:13:51Z	monitoring_queries	mono_diff_small	batch	https://sourcegraph.com/-/debug/jaeger/trace/3f42758df7aadc9ca3a13f71fc8a634e	21	15.588791583	15.588791583
2023-06-09T19:13:55Z	monitoring_queries	mono_rev_literal_large	stream	https://sourcegraph.com/-/debug/jaeger/trace/a994dc7b7e7cda1d4909065a8597d2e1	1000	1.505611542	1.418842
2023-06-09T19:13:56Z	monitoring_queries	incremental_normal_commit_small	batch	https://sourcegraph.com/-/debug/jaeger/trace/47d3324b122d6f11ccb4235e04f31185	21	0.939664542	0.939664542
2023-06-09T19:13:56Z	monitoring_queries	and_regex	batch	https://sourcegraph.com/-/debug/jaeger/trace/ffbc9a2a2b39bbf5776723dd6590c600	30	1.479390708	1.479390708
2023-06-09T19:13:56Z	monitoring_queries	regex_repo_scope_large	batch	https://sourcegraph.com/-/debug/jaeger/trace/54e56bad2ac0cb4255013abec13b8bc4	0	0.127256833	0.127256833
2023-06-09T19:13:56Z	monitoring_queries	incremental_delta_commit_small	batch	https://sourcegraph.com/-/debug/jaeger/trace/3a44fceaf1283500a7aa8917275d1f8a	0	0.214688583	0.214688583
2023-06-09T19:13:57Z	monitoring_queries	literal_large	batch	https://sourcegraph.com/-/debug/jaeger/trace/99ecb515fe1b1f197a6be2e72d10ee29	1000	1.111522875	1.111522875
2023-06-09T19:13:57Z	monitoring_queries	and_literal_simple	batch	https://sourcegraph.com/-/debug/jaeger/trace/150bac689e0f7bb9e5679cf38518b6fe	30	1.145798542	1.145798542
2023-06-09T19:13:58Z	monitoring_queries	incremental_delta_rev_regex_small	stream	https://sourcegraph.com/-/debug/jaeger/trace/2f61c12c8bfa2690d274621e16f04c99	0	0.142258958	0.142258958
2023-06-09T19:13:58Z	monitoring_queries	incremental_normal_literal_large	stream	https://sourcegraph.com/-/debug/jaeger/trace/584095c0e777386e10ff34907a1f4365	1000	0.20106925	0.138328083
2023-06-09T19:13:59Z	monitoring_queries	mono_commit_small	batch	https://sourcegraph.com/-/debug/jaeger/trace/96bd04964fc14aacc55d16e106150595	21	16.844429791	16.844429791
2023-06-09T19:14:02Z	monitoring_queries	incremental_delta_regex_small	stream	https://sourcegraph.com/-/debug/jaeger/trace/3b5183dd02e8775583b9fba422fd7412	0	0.125515833	0.125515833
2023-06-09T19:14:02Z	monitoring_queries	and_regex	stream	https://sourcegraph.com/-/debug/jaeger/trace/d93506b4aab76d6be088252bd4cff619	500	2.459459542	1.349888334
2023-06-09T19:14:04Z	monitoring_queries	structural_repo_scope_small	batch	https://sourcegraph.com/-/debug/jaeger/trace/0dacc3e6b83a251c9101408a4c145d0d	0	0.150460667	0.150460667
2023-06-09T19:14:04Z	monitoring_queries	or_literal_simple	batch	https://sourcegraph.com/-/debug/jaeger/trace/3b237e7a87d5ad75a7098c7148febc4d	30	1.171624917	1.171624917
2023-06-09T19:14:05Z	monitoring_queries	literal_file_scope	stream	https://sourcegraph.com/-/debug/jaeger/trace/33af860c2676f788db67cb06f13644a4	0	0.172671375	0.172671375
2023-06-09T19:14:05Z	monitoring_queries	symbol_small	batch	https://sourcegraph.com/-/debug/jaeger/trace/9776faf68d6fcf2d8d13cc45a970c300	30	0.818780209	0.818780209
2023-06-09T19:14:06Z	monitoring_queries	incremental_delta_rev_symbol_small	stream	https://sourcegraph.com/-/debug/jaeger/trace/f961d03b666178a0fe38aa7ab931492a	0	0.119157791	0.119157791
2023-06-09T19:14:06Z	monitoring_queries	regex_small	stream	https://sourcegraph.com/-/debug/jaeger/trace/d6867b5be4dc32b100a68ff4e06339e4	20	0.889771166	0.869748166
2023-06-09T19:14:07Z	monitoring_queries	incremental_delta_literal_large	stream	https://sourcegraph.com/-/debug/jaeger/trace/040900f1f1a3450f193c8c86c9f1df86	0	0.133048958	0.133048958
2023-06-09T19:14:09Z	monitoring_queries	incremental_delta_literal_small	stream	https://sourcegraph.com/-/debug/jaeger/trace/185950156d43b56b6f9900ab0ea8e422	0	0.152698917	0.152698917
2023-06-09T19:14:09Z	monitoring_queries	and_literal_simple	stream	https://sourcegraph.com/-/debug/jaeger/trace/f9c1fb923ae892ff8e8f0b959437b78c	500	0.729341708	0.656243625
2023-06-09T19:14:09Z	monitoring_queries	incremental_normal_diff_small	batch	https://sourcegraph.com/-/debug/jaeger/trace/bdb15acbcabdf94a13f777232eee3030	21	0.965238084	0.965238084
2023-06-09T19:14:09Z	monitoring_queries	regex_medium	batch	https://sourcegraph.com/-/debug/jaeger/trace/4b719fed11e4f0fb5968bf3ed1e8e95c	30	0.437455666	0.437455666
2023-06-09T19:14:10Z	monitoring_queries	incremental_delta_regex_small	batch	https://sourcegraph.com/-/debug/jaeger/trace/36005fc2b7aed54009fe9504c7be9fa0	0	0.160548958	0.160548958
2023-06-09T19:14:11Z	monitoring_queries	literal_repo_excluded_scope	batch	https://sourcegraph.com/-/debug/jaeger/trace/10ddfcbf799c3e241bc5370cf6649f63	20	3.288887875	3.288887875
2023-06-09T19:14:11Z	monitoring_queries	regex_file_scope	stream	https://sourcegraph.com/-/debug/jaeger/trace/aaa0472dda007d2223f6780d8a4e3e23	0	0.142049458	0.142049458
2023-06-09T19:14:12Z	monitoring_queries	incremental_delta_diff_small	batch	https://sourcegraph.com/-/debug/jaeger/trace/d95fadbc618effc0687ad2cfa16b8f91	0	0.115051333	0.115051333
2023-06-09T19:14:13Z	monitoring_queries	literal_repo_scope	stream	https://sourcegraph.com/-/debug/jaeger/trace/e0daec9dcdc70298d855a5b50efa7e35	0	0.131222041	0.131222041
2023-06-09T19:14:14Z	monitoring_queries	or_literal_simple	stream	https://sourcegraph.com/-/debug/jaeger/trace/823604da692df5af55e7c8f19719a93c	500	0.643825875	0.610963625
2023-06-09T19:14:15Z	monitoring_queries	incremental_delta_symbol_small	batch	https://sourcegraph.com/-/debug/jaeger/trace/e8c8aa480a24025b69ee897b0ae941a4	0	0.150501791	0.150501791
2023-06-09T19:14:16Z	monitoring_queries	incremental_normal_symbol_small	stream	https://sourcegraph.com/-/debug/jaeger/trace/aead4713f47d4684aa3c629ccb23deed	12	0.138023	0.119717084
2023-06-09T19:14:17Z	monitoring_queries	literal_file_scope	batch	https://sourcegraph.com/-/debug/jaeger/trace/31d45d382fb2c85dc5254f6ab7e8997b	0	0.348456917	0.348456917
2023-06-09T19:14:17Z	monitoring_queries	literal_large_select_repo	batch	https://sourcegraph.com/-/debug/jaeger/trace/ba858974c8c9d33e7492268404cb991c	202	0.966364125	0.966364125
2023-06-09T19:14:17Z	monitoring_queries	mono_diff_small	stream	https://sourcegraph.com/-/debug/jaeger/trace/ebc2dd8b569480675729882132bd2577	21	14.163294167	11.891408292
2023-06-09T19:14:17Z	monitoring_queries	regex_three_sameline	batch	https://sourcegraph.com/-/debug/jaeger/trace/b44c5127f23d65d938797765b4ea853e	30	1.238349833	1.238349833
2023-06-09T19:14:17Z	monitoring_queries	literal_small_select_repo	stream	https://sourcegraph.com/-/debug/jaeger/trace/b42a1a5188705f60cdc16aafb6448ade	9	0.790163917	0.193265875
2023-06-09T19:14:18Z	monitoring_queries	literal_repo_excluded_scope	stream	https://sourcegraph.com/-/debug/jaeger/trace/54775a036f5beb5a654123d3704e7570	20	3.290703667	0.417289167
2023-06-09T19:14:19Z	monitoring_queries	mono_rev_structural_small	stream	https://sourcegraph.com/-/debug/jaeger/trace/391272b659c2bca39c39d3fd09411294	254	6.968355042	6.076537084
2023-06-09T19:14:20Z	monitoring_queries	regex_repo_scope_large	stream	https://sourcegraph.com/-/debug/jaeger/trace/d3762e371440cd3c6061086fa401b313	0	0.1065625	0.1065625
2023-06-09T19:14:22Z	monitoring_queries	incremental_delta_rev_symbol_small	batch	https://sourcegraph.com/-/debug/jaeger/trace/1f957e885d2cf35922970570bc6b708a	0	0.115231083	0.115231083
2023-06-09T19:14:22Z	monitoring_queries	or_regex	batch	https://sourcegraph.com/-/debug/jaeger/trace/2f394e5b53a74a8cf37b58cf5ac8f1f9	30	1.128531708	1.128531708
2023-06-09T19:14:23Z	monitoring_queries	symbol_small	stream	https://sourcegraph.com/-/debug/jaeger/trace/bf5bef0149b70e2198f5bfec56d446d5	226	0.538126333	0.528630042
2023-06-09T19:14:23Z	monitoring_queries	incremental_delta_literal_large	batch	https://sourcegraph.com/-/debug/jaeger/trace/fb851aeddf0b8731a6fb685d0c026c4e	0	0.152786959	0.152786959
2023-06-09T19:14:24Z	monitoring_queries	incremental_normal_literal_large	batch	https://sourcegraph.com/-/debug/jaeger/trace/bb1af5db0228ef32390d9ca6c9569d6d	1000	0.19243525	0.19243525
2023-06-09T19:14:24Z	monitoring_queries	diff_small	batch	https://sourcegraph.com/-/debug/jaeger/trace/293e6df9fc386ee586dad45a112eec9a	21	0.99351275	0.99351275
2023-06-09T19:14:25Z	monitoring_queries	structural_multi_repo_small	batch	https://sourcegraph.com/-/debug/jaeger/trace/d609dda82536adff17827124f04696d8	30	0.748990375	0.748990375
2023-06-09T19:14:26Z	monitoring_queries	regex_three_sameline	stream	https://sourcegraph.com/-/debug/jaeger/trace/bca14b6b49add95e94a8dce6bdaa7c50	500	41.828901708	1.228267958
